1825,Old World,,
1851,Playtas,,
1852,Disturnell,,
1874,Simonosaki,,
1882,Cape Serdze,,
1886,Polynesian Island,,
1900,Sibutd,,
1903,Porcupine River,"67.433333,-141",
1946,Expendi,,
1970,"Washington, D.C.","38.907231,-77.036464",Location
ALASKA	[64.200841,-149.493673]	State
ARIZONA	[34.048928,-111.093731]	State
ARLINGTON	[32.735687,-97.108066]	Location
ATLANTIC	[12.897489,-31.999513]	Ocean
Aana	[33.692536,35.761227]	Location
Acapulco	[16.863794,-99.881614]	Location
Accomac	[37.719574,-75.665484]	Location
Acheen	[4.695135,96.749399]	Location
Adriatic	[41.435283,22.01014]	Ocean
Afghan	[33.93911,67.709953]	Country
Afghanistan	[33.93911,67.709953]	Country
Afognak Forest	[58.327945,-152.64146]	Location
Africa	[3.162456,23.496087]	Continent
Africans	[3.162456,23.496087]	Continent
Agua Prieta	[31.322085,-109.541316]	Location
Alabama	[32.318231,-86.902298]	State
Alaska	[64.200841,-149.493673]	State
Alaska Territory	[64.200841,-149.493673]	State
Albania	[41.153332,20.168331]	Country
Aleutian Islands	[52.096813,-173.500556]	Region
Alexandria	[38.804836,-77.046921]	Location
Alexandria Railroad	[38.804836,-77.046921]	Location
Algeria	[28.033886,1.659626]	Country
Algiers	[36.752887,3.042048]	Location
Alhajuela	[10.391583,-84.438272]	Location
Allegany Mountains	[38.573928,-79.700709]	Region
Alleghany Mountains	[38.573928,-79.700709]	Region
Allegheny	[40.445081,-80.008775]	Location
Allegheny Mountain	[38.573928,-79.700709]	Region
Allentown	[40.608431,-75.490183]	Location
Allianca	[40.915336,-81.105931]	Location
Alsace	[48.31818,7.441624]	Region
Alton	[38.890604,-90.184276]	Location
Amapala	[13.292222,-87.653889]	Location
Amazon	[-2.165109,-55.115513]	Region
Amazon River	[-2.165109,-55.115513]	Region
Amelia Island	[30.62657,-81.460856]	Location
America	[37.09024,-95.712891]	Country
American	[37.09024,-95.712891]	Country
American Republic	[40.737441,-73.413348]	Location
American Samoa	[-14.305941,-170.6962]	Country
Americans	[37.09024,-95.712891]	Country
Americas	[21.657428,-94.797364]	Region
Amistad	[35.918926,-103.15383]	Location
Amsterdam	[52.370216,4.895168]	Location
Anbar	[32.559761,41.919647]	Region
Anbar Province	[32.559761,41.919647]	Region
Angola	[-11.202692,17.873887]	Country
Annapolis	[38.978445,-76.492183]	Location
Antarctic	[-82.862752,-135]	Continent
Antarctica	[-82.862752,-135]	Continent
Antilles	[18,-70]	Region
Antwerp	[51.219448,4.402464]	Location
Anzio	[41.449596,12.619725]	Location
Apia	[-13.833333,-171.75]	Location
Appalachia	[36.906763,-82.781827]	Region
Arab States	[29.978765,31.27962]	Region
Arabian Peninsula	[19.491411,47.44904]	Region
Aranjuez	[40.03219,-3.602671]	Location
Arapahoe Reservation	[43.04808,-108.361383]	Location
Arctic	[76.250578,-100.113952]	Region
Arctic Circle	[35.179615,-79.021571]	Region
Arctic Ocean	[65.248162,-60.462098]	Ocean
Arctic Sea	[65.248162,-60.462098]	Ocean
Arctic Seas	[65.248162,-60.462098]	Ocean
Argentina	[-38.416097,-63.616672]	Country
Argentine Republic	[-38.416097,-63.616672]	Country
Arizona	[34.048928,-111.093731]	State
Arkansas	[35.20105,-91.831833]	State
Arkansas River	[33.782079,-91.101742]	Location
Arkansas Valley	[33.782079,-91.101742]	Location
Arkansaw	[35.20105,-91.831833]	State
Arlington	[32.735687,-97.108066]	Location
Arlington Cemetery	[32.735687,-97.108066]	Location
Armenia	[40.069099,45.038189]	Country
Asia	[34.047863,100.619655]	Continent
Asia Pacific	[14.67614,121.012732]	Region
Asia-Pacific	[14.67614,121.012732]	Region
Asian	[34.047863,100.619655]	Continent
Asiatic	[34.047863,100.619655]	Continent
Asiatic Turkey	[41.00145,39.7178]	Region
Aspee Bay	[46.916667, -60.416667]	Region
Astoria	[40.762393,-73.930104]	Location
Asuncion	[-25.282197,-57.6351]	Location
Atacama Desert	[-23.369544,-69.859741]	Region
Atchafalaya River	[29.748749,-91.202521]	Location
Athens	[37.983716,23.72931]	Location
Atlanta	[33.748995,-84.387982]	Location
Atlantic	[12.897489,-31.999513]	Ocean
Atlantic Coast	[47.610574,-122.336458]	Region
Atlantic Community	[47.610574,-122.336458]	Region
Atlantic Ocean	[12.897489,-31.999513]	Ocean
Atlantic Sea	[12.897489,-31.999513]	Ocean
Atlantic Seaboard	[47.610574,-122.336458]	Region
Atlantic States	[33.481635,-117.715631]	Region
Atrato River	[6.932093,-76.93953]	Location
Atua	[-6.284841,150.033173]	Location
Auckland	[-36.84846,174.763332]	Location
Audiencia	[19.109364,-104.34606]	0
Aurora	[39.729432,-104.83192]	Location
Australasia	[-29.532804,145.491477]	Region
Australia	[-25.274398,133.775136]	Country
Australian	[-25.274398,133.775136]	Country
Austria	[47.516231,14.550072]	Country
Austria-Hungary	[47.153716,16.26888]	Country
Aves Island	[15.693807,-63.651441]	Country
Azores	[37.741249,-25.675594]	Country
BOULDER	[40.014986,-105.270546]	Location
BRITAIN	[55.378051,-3.435973]	Country
Bacolod	[10.640739,122.968956]	Location
Baghdad	[33.325,44.422]	Location
Bahama Islands	[25.03428,-77.39628]	Country
Bahamas	[25.03428,-77.39628]	Country
Bahia Honda	[22.904409,-83.162903]	Location
Bahrain	[26.0667,50.5577]	Country
Bali	[-8.409518,115.188916]	Region
Balize	[17.189877,-88.49765]	Country
Balkan	[43.484812,19.328612]	Region
Balkans	[43.484812,19.328612]	Region
Baltic Sea	[58.487952,19.863281]	Ocean
Baltic Sound	[58.487952,19.863281]	Ocean
Baltimore	[39.290385,-76.612189]	Location
Bangkok	[13.727896,100.524123]	Location
Barbados	[13.193887,-59.543198]	Country
Barbaretta	[30.43664,-88.860324]	Location
Barbary States	[28.033886,1.659626]	Country
Barima Point	[8.6950133,-60.5782093]	Location
Barnstable	[41.700321,-70.300202]	Location
Bastogne	[50.000506,5.71528]	Location
Bataan	[14.641684,120.481845]	Location
Batangas	[13.756465,121.058308]	Location
Baton Rouge	[30.458283,-91.14032]	Location
Bavaria	[48.790447,11.497889]	Region
Bay Islands	[16.352608,-86.489546]	Region
Bay of Fundy	[44.772849,-66.309551]	Region
Bay of Gibraltar	[36.138798,-5.399965]	Location
Bayou Pierre	[30.1277,-89.218929]	Location
Beirut	[33.888629,35.495479]	Location
Belarus	[53.709807,27.953389]	Country
Belfast	[54.597285,-5.93012]	Location
Belgium	[50.503887,4.469936]	Country
Bellevue	[47.610377,-122.200679]	Location
Bennington	[42.878094,-73.1968]	Location
Bering Sea	[56.90728,-178.139472]	Ocean
Berlin	[52.520007,13.404954]	Location
Bermuda	[32.3078,-64.7505]	Country
Berne	[46.947922,7.444608]	Location
Beslan	[43.2,44.566667]	Location
Birmingham	[33.520661,-86.80249]	Location
Black Africa	[3.162456,23.496087]	Continent
Black America	[40.39827,-92.197862]	Location
Black Hills	[44.031245,-103.815163]	Region
Black Mesa	[37.795549,-108.201468]	Location
Black Sea	[43.413029,34.299316]	Ocean
Blacksburg	[37.229573,-80.413939]	Location
Bluefields	[12.01066,-83.766037]	Location
Boer States of Africa	[-28.45411,26.796785]	Country
Bogota	[4.598056,-74.075833]	Location
Bohemia	[49.817492,15.472962]	Country
Bolivia	[-16.290154,-63.588653]	Country
Bolivian Republic	[-16.290154,-63.588653]	Country
Bonneville	[46.078025,6.409053]	Location
Borkum Emden	[53.443578,6.972957]	Location
Borneo	[1.068237,114.233536]	Region
Bosnia	[-36.789695,-73.11344]	Country
Bosphorus	[41.119444,29.075278]	Location
Boston	[42.358431,-71.059773]	Location
Boston Harbor	[42.358431,-71.059773]	Location
Botswana	[-22.328474,24.684866]	Country
Boulder Canyon	[33.47539,-111.675395]	Location
Boulogne	[50.725231,1.613334]	Location
Bourdour	[50.711246,1.675562]	Location
Bravo	[25.280305,-100.017464]	Location
Brazil	[-14.235004,-51.92528]	Country
Brazilian	[-14.235004,-51.92528]	Country
Bremen	[53.079296,8.801694]	Location
Brest	[48.390394,-4.486076]	Location
Britain	[55.378051,-3.435973]	Country
British	[55.378051,-3.435973]	Country
British America	[56.130366,-106.346771]	Country
British Columbia	[53.726668,-127.647621]	Region
British Guiana	[6.818835,-58.164115]	Country
British Islands	[18,-68]	Location
British Isles	[56.130366,-106.346771]	Country
British North America	[56.130366,-106.346771]	Country
British North American	[56.130366,-106.346771]	Country
British West India	[28.610541,77.353898]	Location
Brooke-Cranston	[41.752277,-71.450143]	Location
Brooklyn	[40.65,-73.95]	Location
Brussels	[50.85034,4.35171]	Location
Bucharest	[44.4325,26.103889]	Location
Buenos Aires	[-34.603723,-58.381593]	Location
Buenos Ayres	[-34.603723,-58.381593]	Location
Buffalo	[42.886447,-78.878369]	Location
Bulfinchs Harbor	[46.950556,Ê-124.051111]	Location
Bulgaria	[42.733883,25.48583]	Country
Burma	[21.913965,95.956223]	Country
Burma Road	[36.648582,-112.11382]	Region
Buzzards Bay	[41.529275,-70.835779]	Location
CANADA	[56.130366,-106.346771]	Country
CHINA	[35.86166,104.195397]	Country
COLORADO	[39.550051,-105.782067]	State
CUBA	[21.521757,-77.781167]	Country
Cadiz	[36.527061,-6.288596]	Location
Cagayan Sulu	[7.016271,118.474717]	Location
Caicos Islands	[21.712127,-71.619869]	Region
Caimanera	[19.991135,-75.153079]	Location
Cairo	[30.04442,31.235712]	Location
Cal	[36.778261,-119.417932]	State
Cal.	[36.778261,-119.417932]	State
California	[36.778261,-119.417932]	State
Cambodia	[12.565679,104.990963]	Country
Canada	[56.130366,-106.346771]	Country
Canadas	[56.130366,-106.346771]	Country
Canadian	[56.130366,-106.346771]	Country
Cancun	[21.161908,-86.851528]	Location
Canton	[23.129163,113.264435]	Location
Canton River	[23.129163,113.264435]	Location
Cape Cod	[41.699096,-70.320911]	Location
Cape Cod Canal	[41.768161,-70.566141]	Location
Cape Fear	[35.425,-78.815]	Location
Cape Florida	[25.665659,-80.157825]	Location
Cape Henlopen	[38.803168,-75.094625]	Location
Cape Honduras	[16.016667,-86.016667]	Location
Cape Horn	[-55.983333,-67.266667]	Location
Cape Sabine	[68.9156,-164.6077]	Location
Cape San Juan	[-34.043268,18.436814]	Location
Cape Town	[-33.924868,18.424055]	Location
Cape Verde Islands	[16,-24]	Country
Cape of Good Hope	[-34.357016,18.473668]	Location
Capital City	[38.907231,-77.036464]	Location
Capitol Hill	[38.907231,-77.036464]	Location
Caracas	[10.491016,-66.902061]	Location
Cardenas	[42.374808,-2.763231]	Location
Caribbean	[21.469114,-78.656894]	Region
Caribbean Basin	[21.469114,-78.656894]	Region
Caribbean Sea	[21.469114,-78.656894]	Region
Carlisle	[40.2025,-77.195]	Location
Caroline Islands	[6.05,147.083333]	Country
Carthage	[37.176447,-94.310223]	Location
Casablanca	[33.533333,-7.583333]	Location
Castine	[44.388861,-68.798958]	Location
Castle Pinckney	[32.773646,-79.910923]	Location
Cavite	[14.47913,120.896963]	Location
Cedar Valley	[30.661301,-98.453415]	Location
Center Rock	[37.563161,-96.390468]	Location
Central America	[12.769013,-85.602364]	Region
Central American	[12.769013,-85.602364]	Region
Central American States	[-18.116944,178.43948]	Country
Central Asia	[45.450688,68.831901]	Region
Central Europe	[50.378472,14.970598]	Region
Central Pacific	[-0.35156,-123.105476]	Ocean
Central Valley of California	[40.680428,-122.370842]	Region
Cerro Gordo	[43.154319,-93.202967]	Region
Chad	[15.454166,18.732207]	Country
Chagres	[9.121446,-80.120526]	Location
Chagres River	[9.234552,-79.529598]	Location
Champerico	[14.293,-91.914]	Location
Charleston	[32.776566,-79.930922]	Location
Charlestown	[42.378207,-71.060213]	Location
Charlotte	[35.227087,-80.843127]	Location
Chechnya	[43.40233,45.718747]	Region
Cherokee Strip	[37.370856,-97.107261]	Region
Chesapeake	[36.768209,-76.287493]	Region
Chesapeake Bay	[36.768209,-76.287493]	Region
Cheyenne	[41.139981,-104.820246]	Location
Chi Minh Ville	[10.771667,106.704444]	Location
Chicago	[41.878114,-87.629798]	Location
Chickamauga	[34.871188,-85.29079]	Location
Chihuahua	[28.632996,-106.0691]	Region
Chile	[-35.675147,-71.542969]	Country
Chilkoot	[28.044949,-82.400353]	Location
China	[35.86166,104.195397]	Country
China Sea	[15.488092,114.404754]	Ocean
Chinamen	[35.86166,104.195397]	Country
Chincha Islands	[-13.633333,-76.416667]	Location
Chinese	[35.86166,104.195397]	Country
Chinese Empire	[35.86166,104.195397]	Country
Chiricahua Apaches	[31.592321,-109.240617]	Location
Chiriqui Lagoon	[8.9600056,-81.795702]	Location
Chosenese	[35.907757,127.766922]	Country
Churchill	[41.162002,-80.664798]	Location
Churubusco	[41.230603,-85.319421]	Location
Cienfuegos	[22.149969,-80.44368]	Location
Cincinnati	[39.103118,-84.51202]	Location
City of Paris	[48.856614,2.352222]	Location
Clark Field	[32.21525,-98.178247]	Location
Cleveland	[41.499495,-81.695409]	Location
Coahuila	[27.058676,-101.706829]	Location
Coamo	[18.078736,-66.358706]	Location
Colerain	[39.259177,-84.626982]	Location
Colombia	[4.570868,-74.297333]	Country
Colombian Republic	[4.570868,-74.297333]	Country
Colorado	[39.550051,-105.782067]	State
Colorado River	[36.243085,-112.358718]	Region
Colorado Rivers	[36.243085,-112.358718]	Region
Columbia	[4.570868,-74.297333]	Country
Columbia River	[46.245311,-123.801891]	Region
Columbia River Basin	[46.245311,-123.801891]	Region
Columbine	[39.587766,-105.06943]	Location
Columbus	[39.961176,-82.998794]	Location
Concord	[42.460372,-71.348948]	Location
Confederated States	[29.943268,-90.071443]	Location
Congo	[-0.228021,15.827659]	Country
Connecticut	[41.603221,-73.087749]	State
Connecticut Reserve	[41.748539,-72.656966]	Location
Connecticut River	[42.334126,-72.597313]	Region
Constantinople	[41.00527,28.97696]	Location
Coosa River	[33.381502,-85.850042]	Location
Copenhagen	[55.676097,12.568337]	Location
Coquimbo	[-29.9533,-71.3436]	Location
Coral Gables	[25.72149,-80.268384]	Location
Coral Sea	[-19.391955,155.856065]	Ocean
Corinto	[37.938637,22.932238]	Location
Corpus Christi	[27.800583,-97.396381]	Location
Corregidor	[14.386728,120.576835]	Location
Corregidor Island	[14.386728,120.576835]	Location
Costa	[42.175403,9.169244]	Location
Costa Rica	[9.748917,-83.753428]	Country
Craney Island	[36.89237,-76.359388]	Location
Craney Island Disposal	[36.89237,-76.359388]	Location
Crawford	[38.70324,-107.647428]	Location
Crow Creek	[45.9294,-87.720686]	Location
Cuba	[21.521757,-77.781167]	Country
Cuban	[21.521757,-77.781167]	Country
Culebra	[18.303012,-65.300991]	Location
Cumberland	[39.652865,-78.762518]	Location
Curacoa	[12.16957,-68.99002]	Country
Curtis Bay Pier	[29.213293,-81.022492]	Location
Cyprus	[35.126413,33.429859]	Country
Cyrenaica	[32.827778,Ê21.862222]	Location
Czech Republic	[49.817492,15.472962]	Country
Czechoslovakia	[49.817492,15.472962]	Country
D.C.	[38.907231,-77.036464]	Location
DC	[38.907231,-77.036464]	Location
Daiquiri	[36.778301,-76.113494]	Location
Dakota	[44.731554,-93.177966]	Region
Dakota Territory	[44.731554,-93.177966]	Region
Dallas	[32.78014,-96.800451]	Location
Damascus	[33.5111,36.3064]	Location
Danish	[56.26392,9.501785]	Country
Danube	[44.791905,-95.097225]	Region
Darfur	[14.378275,24.904221]	Region
Darien	[7.868171,-77.836728]	Location
Date,Location Name,Geocode,Type
Dauphin Island	[30.270335,-88.168716]	Location
Dauphine Island	[30.270335,-88.168716]	Location
Delagoa Bay	[-26.149613,32.706843]	Location
Delagoa Bay Railway	[-26.149613,32.706843]	Location
Delaware	[38.910833,-75.52767]	State
Delaware Bay	[39.120171,-75.247906]	Location
Delaware River	[39.573802,-75.539315]	Region
Denmark	[56.26392,9.501785]	Country
Denver	[39.737567,-104.984718]	Location
Derne	[32.763821,22.63924]	Location
Detroit	[42.331427,-83.045754]	Location
Detroit River	[42.063134,-83.175619]	Region
Dillon	[39.630264,-106.043352]	Location
District of Columbia	[38.907231,-77.036464]	Location
Dixie	[29.520723,-83.1649]	Location
Doha	[25.280282,51.522476]	Location
Dominica	[15.414999,-61.370976]	Country
Dominican	[18.735693,-70.162651]	Country
Dominican Republic	[18.735693,-70.162651]	Country
Douglas	[31.508807,-82.849865]	Location
Dulles Airport	[38.953381,-77.447712]	Location
Dumbarton Oaks	[38.907231,-77.036464]	Location
Durango	[24.02772,-104.653176]	Location
Dutch East Indies	[-0.789275,113.921327]	Country
Dyea	[59.504197,-135.360803]	Location
EU	[54.525961,15.255119]	Continent
EUROPE	[54.525961,15.255119]	Continent
Eagle Pass	[28.709143,-100.499521]	Location
Earnest	[42.415024,-83.386131]	Location
East	[37.09024,-95.712891]	Country
East Asia	[34.047863,100.619655]	Continent
East China Sea	[30.395346,125.915207]	Ocean
East Florida	[27.664827,-81.515754]	State
East Germany	[51.165691,10.451526]	Country
East Indies	[8.407168,95.566399]	Region
East Timor	[-8.874217,125.727539]	Country
Eastern Asia	[34.047863,100.619655]	Continent
Eastern Caribbean	[15,-68]	Region
Eastern Europe	[52.005515,37.958749]	Region
Eastern Shore of Virginia	[38.833421,-77.304217]	Region
Eastern States	[37.746874,-80.791261]	Region
Eastport	[48.651764,-53.757846]	Location
Ecuador	[-1.831239,-78.183406]	Country
Edgartown	[41.389005,-70.51336]	Location
Edinboro	[41.874222,-80.131724]	Location
Edison	[40.518715,-74.412095]	Location
Egypt	[26.820553,30.802498]	Country
El Alamein	[30.82247,28.954309]	Location
El Caney	[21.715137,-79.614415]	Location
El Paso	[31.769956,-106.496805]	Location
El Salvador	[13.794185,-88.89653]	Country
Elk Hills	[35.28163,-119.444006]	Location
Elkhart	[41.681994,-85.976667]	Location
Ellis Island	[40.699472,-74.03956]	Location
Eluefields	[12.01066,-83.766037]	Location
Elyria	[41.36838,-82.107649]	Location
Emmitsburg Pike	[39.704542,-77.326931]	Location
Empire of China	[35.86166,104.195397]	Country
England	[52.355518,-1.17432]	Country
Equador	[-1.831239,-78.183406]	Country
Erzerum	[39.9,41.27]	Location
Estonia	[58.595272,25.013607]	Country
Ethiopia	[9.145,40.489673]	Country
Europe	[54.525961,15.255119]	Continent
European	[54.525961,15.255119]	Continent
European States	[54.525961,15.255119]	Continent
Everest	[27.985818,86.923596]	Location
Everglades	[25.858244,-81.385069]	Region
Falkland Islands	[-51.796253,-59.523613]	Region
Fall River	[41.701491,-71.155045]	Location
Fallujah	[33.35,43.783333]	Location
Far East	[34.047863,100.619655]	Continent
Far Eastern	[34.047863,100.619655]	Continent
Fernandina	[-0.41238,-91.482148]	Location
Finland	[61.92411,25.748151]	Country
Fish Lake	[65.067459,-151.367148]	Location
Fla.	[27.664827,-81.515754]	State
Florence	[43.771033,11.248001]	Location
Florida	[27.664827,-81.515754]	State
Florida Everglades	[25.858244,-81.385069]	Region
Forest Grove	[45.519836,-123.110663]	Location
Fort Atkinson	[42.928894,-88.837051]	Location
Fort Bridger	[41.316617,-110.384325]	Location
Fort Delaware	[41.599162,-75.027666]	Location
Fort Leavenworth	[39.311111,-94.922464]	Location
Fort Meigs	[41.549881,-83.65395]	Location
Fort Miami	[39.119502,-84.81245]	Location
Fort Monroe	[37.003906,-76.307223]	Location
Fort Myer	[38.874137,-77.077889]	Location
Fort Randall	[43.02444,-98.624251]	Location
Fort Riley	[39.112072,-96.815965]	Location
Fort Sackville	[44.728906,-63.659544]	Location
Fort Sill	[34.704559,-98.509009]	Location
Fort Sumter	[32.752348,-79.874692]	Location
Fort Washington	[40.141678,-75.192694]	Location
Fortune Bay	[47.213645,-55.771644]	Location
France	[46.227638,2.213749]	Country
Frankfort	[38.200906,-84.873284]	Location
French	[46.227638,2.213749]	Country
French Chambers	[29.700329,-94.363599]	Location
French North Africa	[33.900273,35.502237]	Location
French Republic	[46.227638,2.213749]	Country
Frozen Ocean	[46.287813,-69.59006]	Location
Fuca	[-8.805278,14.241667]	Location
Fuchau	[26.074508,119.296494]	Location
GERMANY	[51.165691,10.451526]	Country
Ga.	[32.157435,-82.907123]	State
Galesburg	[40.947816,-90.371239]	Location
Gallatin	[36.388381,-86.44666]	Region
Galveston	[29.301348,-94.797696]	Location
Galvezton	[29.301348,-94.797696]	Location
Gaza	[31.522561,34.453593]	Location
Gdansk	[54.352025,18.646638]	Location
Geneva	[46.198392,6.142296]	Location
Georgetown	[38.907231,-77.036464]	Location
Georgia	[32.157435,-82.907123]	State
German	[51.165691,10.451526]	Country
German Empire	[51.165691,10.451526]	Country
German States	[51.165691,10.451526]	Country
Germany	[51.165691,10.451526]	Country
Gettysburg	[39.830929,-77.231095]	Location
Ghana	[7.946527,-1.023194]	Country
Gibraltar	[36.140751,-5.353585]	Location
Gila	[32.964657,-108.577569]	Location
Gila River	[33.190168,-112.598134]	Location
Glacier Creek	[61.454578,-142.380739]	Location
Glassboro	[39.702892,-75.111842]	Location
Gloucester	[51.864245,-2.238156]	Location
Golfito	[8.639233,-83.162407]	Location
Gosport	[50.794995,-1.117547]	Location
Gotha	[50.946919,10.709288]	Location
Governors Island	[40.68945,-74.016792]	Location
Granada	[37.177336,-3.598557]	Country
Great Britain	[55.378051,-3.435973]	Country
Great Falls of the Potomac	[38.998165,-77.288316]	Location
Great Kenhawa	[38.837859,-82.142645]	Location
Great Lakes	[45.052237,-82.484612]	Region
Great Plains	[42.900452,-103.088525]	Region
Greater Republic	[28.606625,77.437342]	Location
Greater Republic of Central America	[12.769013,-85.602364]	Region
Greece	[39.074208,21.824312]	Country
Green Bay	[44.519159,-88.019826]	Location
Green River	[41.528576,-109.466246]	Region
Greensburg	[37.602796,-99.292613]	Location
Greenwich	[51.482577,-0.007659]	Location
Greet County	[34.099002,-117.855407]	Location
Grenada	[12.1165,-61.679]	Country
Greytown	[10.932472,-83.691597]	Location
Guadalcanal	[-9.577328,160.145581]	Location
Guadalupe Hidalgo	[20.295748,-99.76468]	Location
Guam	[13.444304,144.793731]	Country
Guanajuato	[21.018111,-101.25832]	Location
Guanica	[17.969631,-66.910939]	Location
Guantanamo	[20.021165,-75.113672]	Location
Guantanamo Bay	[20.021165,-75.113672]	Location
Guasacualco River	[18.082148,-94.416923]	Region
Guatemala	[15.783471,-90.230759]	Country
Guayama	[17.984133,-66.113777]	Location
Guayaquil	[-2.203816,-79.897453]	Location
Guinea	[9.945587,-9.696645]	Country
Gulf	[27.383959,52.735516]	Region
Gulf Coast	[28.468605,-96.873039]	Region
Gulf States	[30.039017,-93.867016]	Region
Gulf of Mexico	[25.304304,-90.065918]	Ocean
HAITI	[18.971187,-72.285215]	Country
HAWAII	[19.896766,-155.582782]	State
Habana	[23.1168,-82.388557]	Location
Haiti	[18.971187,-72.285215]	Country
Halifax	[44.648863,-63.57532]	Location
Hambali	[10.781111,24.898333]	Location
Hamburg	[53.551085,9.993682]	Location
Hamilton	[43.250021,-79.866091]	Location
Hampshire	[51.08952,-1.216844]	Region
Hampton	[37.029869,-76.345222]	Location
Hampton Roads	[36.964159,-76.352151]	Location
Hankow	[30.593099,114.305393]	Location
Hanoi	[21.033333,105.85]	Location
Hanover	[52.375892,9.73201]	Location
Harbor	[33.779981,-118.287743]	Location
Harlem	[40.81155,-73.946477]	Location
Harpoot	[38.49648,39.219903]	Location
Hatteras	[35.219455,-75.690349]	Location
Hattiesburg	[31.327119,-89.290339]	Location
Havana	[23.1168,-82.388557]	Location
Hawaii	[19.896766,-155.582782]	State
Hawaiian Islands	[19.896766,-155.582782]	State
Hawaiian Kingdom	[19.896766,-155.582782]	State
Hawaiian Republic	[19.896766,-155.582782]	State
Hayti	[18.971187,-72.285215]	Country
Haytian	[18.971187,-72.285215]	Country
Helsinki	[60.173324,24.941025]	Location
Hiwassee	[36.968734,-80.713679]	Location
Holland	[52.132633,5.291266]	Country
Holston	[35.959167,-83.850278]	Location
Honduras	[15.199999,-86.241905]	Country
Hong Kong	[22.396428,114.109497]	Location
Hongkong	[22.396428,114.109497]	Location
Honolulu	[21.306944,-157.858333]	Location
Hormuz	[27.05927,56.460792]	Location
Horn of Africa	[9.130378,41.280858]	Region
Hot Springs	[34.5037,-93.05518]	Location
Houston	[29.760193,-95.36939]	Location
Hudson	[42.252865,-73.790959]	Location
Hudson River	[41.189608,-73.924225]	Location
Hudsons Bay	[45.622289,-79.865174]	Region
Hunan	[28.112444,112.98381]	Region
Hungary	[47.162494,19.503304]	Country
Hyannis Harbor	[41.6315,-70.286966]	Location
Iceland	[64.963051,-19.020835]	Country
Idaho	[44.068202,-114.742041]	State
Ill.	[40.633125,-89.398528]	State
Illinois	[40.633125,-89.398528]	State
Illinois River	[35.907919,-94.290674]	Region
Illinois Territory	[40.633125,-89.398528]	State
Iloilo	[10.72015,122.562106]	Location
Imperial Valley	[32.737548,-114.963301]	Region
Ind	[40.267194,-86.134902]	State
India	[20.593684,78.96288]	Country
Indian Ocean	[-33.137551,81.826172]	Ocean
Indian Sea	[-33.137551,81.826172]	Ocean
Indian Territory	[36.368222,-96.881104]	Region
Indiana	[40.267194,-86.134902]	State
Indiana Territory	[40.267194,-86.134902]	State
Indianapolis	[39.768403,-86.158068]	Location
Indo-china	[14.058324,108.277199]	Country
Indochina	[14.058324,108.277199]	Country
Indonesia	[-0.789275,113.921327]	Country
Initiative	[40.75345,-73.970198]	Location
Iowa	[41.878003,-93.097702]	State
Iquique	[-20.2167,-70.142223]	Location
Iquitos	[-3.743673,-73.251633]	Location
Iran	[32.427908,53.688046]	Country
Iraq	[33.223191,43.679291]	Country
Iraqi	[33.223191,43.679291]	Country
Ireland	[53.41291,-8.24389]	Country
Islamic Republic of Iran	[32.427908,53.688046]	Country
Israel	[31.046051,34.851612]	Country
Israeli	[31.046051,34.851612]	Country
Istanbul	[41.00527,28.97696]	Location
Isthmian Canal	[9.057402,-79.657929]	Region
Italian States	[41.87194,12.56738]	Country
Italy	[41.87194,12.56738]	Country
Itata	[-36.901685,-73.144369]	Location
Iwo Jima	[24.774024,141.327285]	Location
Jakarta	[-6.208763,106.845599]	Location
Jalapa	[19.530476,-96.909131]	Location
Jaluit	[5.837937,169.620733]	Location
Jamaica	[18.109581,-77.297508]	Country
James River	[37.068697,-76.618166]	Location
James River Canal	[53.91485,-8.01644]	Location
Jamestown	[37.208203,-76.774126]	Location
Japan	[36.204824,138.252924]	Country
Jefferson	[39.58003,-105.266293]	Location
Jersey	[49.214439,-2.13125]	Location
Jerusalem	[31.768319,35.21371]	Location
Jolo	[5.969181,121.125213]	Region
Jonesboro	[35.842297,-90.704279]	Location
Jordan	[30.585164,36.238414]	Country
Juarez	[31.697526,-106.443174]	Location
Kabul	[34.528455,69.171703]	Location
Kamchatka	[44.708601,37.632591]	Region
Kampuchea	[12.565679,104.990963]	Country
Kanawha	[42.937744,-93.793275]	Location
Kans.	[39.011902,-98.484246]	State
Kansas	[39.011902,-98.484246]	State
Kansas City	[39.099727,-94.578567]	Location
Kaskaskias	[37.921441,-89.913164]	Location
Kay Verde	[27.544378,-99.496017]	Location
Kazahkstan	[48.019573,66.923684]	Country
Kennebec River	[44.480132,-69.734712]	Location
Kentucky	[37.839333,-84.270018]	State
Kenya	[-0.023559,37.906193]	Country
Key West	[24.555059,-81.779987]	Location
Kishenef	[47.026859,28.841551]	Location
Klehini	[59.411667,-135.93]	Location
Klehini River	[59.411667,-135.93]	Region
Klukwan	[59.403889,-135.884444]	Location
Knoxville	[35.960638,-83.920739]	Location
Kobe	[34.690083,135.195511]	Location
Kongo	[-0.228021,15.827659]	Country
Kongo Basin	[-1.070825,21.446517]	Region
Kongo Valley	[7.345594,-11.132977]	Region
Konia	[34.783889,32.458333]	Location
Korea	[35.907757,127.766922]	Country
Korean	[35.907757,127.766922]	Country
Korean Peninsula	[37.094056,-76.44924]	Region
Kosovo	[42.602636,20.902977]	Country
Kremlin	[55.755826,37.6173]	Location
Kutien	[26.577837,118.746284]	Location
Kuwait	[29.31166,47.481766]	Country
LATIN AMERICA	[-4.442038,-61.326854]	Region
LIBERIA	[6.428055,-9.429499]	Country
La Crosse	[43.801356,-91.239581]	Location
La Plaisance Bay	[41.869458,-83.365582]	Location
La Plata	[-34.92125,-57.954333]	Location
Labrador	[52.939001,-66.914216]	Region
Lady Franklin Bay	[81.666667,Ê-65]	Location
Lafayette	[30.22409,-92.019843]	Location
Lafayette Square	[38.907231,-77.036464]	Location
Lake Champlain	[44.586581,-73.38009]	Region
Lake Erie	[42.066885,-81.339941]	Region
Lake Huron	[45.052237,-82.484612]	Region
Lake Memphramagog	[44.970884,-72.222416]	Location
Lake Michigan	[43.450101,-87.222019]	Ocean
Lake Nicaragua	[11.578658,-85.354965]	Region
Lake Ontario	[44.766667,-77.883333]	Region
Lake PontChartrain	[30.205062,-90.11207]	Location
Lake Pontchartrain	[30.205062,-90.11207]	Location
Lake Superior	[47.723087,-86.940716]	Region
Lake Tahoe	[39.096849,-120.032351]	Location
Lake of the Woods	[42.365529,-122.213303]	Region
Langfang	[39.538047,116.683752]	Location
Laos	[19.85627,102.495496]	Country
Lathtop	[37.822705,-121.27661]	Location
Latin	[41.467567,12.903597]	Location
Latin America	[-4.442038,-61.326854]	Region
Latin American	[-4.442038,-61.326854]	Region
Latin Union	[40.664884,-74.212829]	Location
Lattimer	[40.993973,-75.961313]	Location
Latvia	[56.879635,24.603189]	Country
League Island	[39.894835,-75.161011]	Location
Leavenworth	[39.311111,-94.922464]	Location
Lebanese	[33.854721,35.862285]	Country
Lebanon	[33.854721,35.862285]	Country
Lecompton	[39.044445,-95.394697]	Location
Lena River	[73.01,127]	Region
Leningrad	[59.93428,30.335099]	Location
Lew Chew Islands	[26.5,128]	Region
Lexington	[38.040584,-84.503716]	Location
Leyte	[11.366667,124.483333]	Location
Liberia	[6.428055,-9.429499]	Country
Libya	[26.3351,17.228331]	Country
Lima	[-12.047816,-77.062203]	Location
Lincoln	[40.806862,-96.681679]	Location
Lisbon	[38.722252,-9.139337]	Location
Lithuania	[55.169438,23.881275]	Country
Little Rock	[34.746481,-92.289595]	Location
Littleton Island	[78.35,-72.916667]	Location
Liverpool	[53.408371,-2.991573]	Location
Lobos Islands	[-6.947221,-80.720749]	Location
Locarno	[46.167958,8.788979]	Location
Lockport	[43.170613,-78.69031]	Location
London	[51.508515,-0.125487]	Location
Long Island	[40.789142,-73.13496]	Region
Los Angeles	[34.052234,-118.243685]	Location
Louisian	[31.244823,-92.145024]	State
Louisiana	[31.244823,-92.145024]	State
Louisiana Purchase	[39.690961,-104.764491]	Region
Louisville	[38.252665,-85.758456]	Location
Lower California	[28,-113.5]	Region
Lubeck	[53.865886,10.687096]	Location
Luxembourg	[49.815273,6.129583]	Country
Luzerne County	[41.140435,-75.992765]	Location
Luzon	[16.566232,121.262637]	Location
Lynn Canal	[58.691944,-135.114167]	Location
MEXICO	[19.432608,-99.133208]	Country
MONTENEGRO	[42.708678,19.37439]	Country
MOROCCO	[31.791702,-7.09262]	Country
Macedonia	[41.608635,21.745275]	Country
Machias	[44.715079,-67.461376]	Location
Madagascar	[-18.766947,46.869107]	Country
Madeira	[39.944639,-8.043294]	Location
Madrid	[40.416775,-3.70379]	Location
Maine	[46.82,-67.92361]	State
Mainland China	[35.86166,104.195397]	Country
Malaya	[14.63485,121.056048]	Country
Malden	[42.425096,-71.066163]	Location
Mali	[17.570692,-3.996166]	Country
Managua	[12.136389,-86.251389]	Location
Manassas	[38.72139,-77.515556]	Location
Manchester	[53.479324,-2.248485]	Location
Manchuria	[9.58334,-75.43335]	Region
Mandan	[46.82666,-100.889576]	Location
Manila	[40.987375,-109.675649]	Location
Manila Bay	[40.987375,-109.675649]	Location
Mannah River	[31.714346,70.006025]	Location
Manua	[-14.206677,-169.526621]	Location
Marblehead	[42.499958,-70.857802]	Location
Mare Island	[38.095476,-122.27247]	Location
Mariana Islands	[-25.206667,32.963889]	Country
Markham Ferry	[36.233427,-95.181908]	Location
Marsovan	[40.874859,35.45974]	Location
Maryland	[42.536466,-74.886545]	State
Mason	[39.360059,-84.309939]	Location
Massachusetts	[42.407211,-71.382437]	State
Matamoras	[39.518631,-81.070467]	Location
Matanzas	[23.051111,-81.575278]	Location
Mayence	[49.992862,8.247253]	Location
Maysville	[38.601162,-83.549657]	Location
Mazar-e-Sharif	[36.70919,67.20849]	Location
McDuffie Island	[30.656302,-88.038053]	Location
Md.	[42.536466,-74.886545]	State
Me.	[46.82,-67.92361]	State
Mediterranean	[34.553128,18.048011]	Ocean
Mediterranean Sea	[34.553128,18.048011]	Ocean
Melbourne	[-37.814215,144.963231]	Location
Melville Bay	[75.670094,-60.457074]	Location
Memphis	[35.038725,-89.850501]	Location
Meridian Hill	[39.556378,-105.486387]	Location
Merrimac	[43.37332,-89.623455]	Region
Mexican	[19.432608,-99.133208]	Country
Mexican Republic	[19.432608,-99.133208]	Country
Mexican States	[19.432608,-99.133208]	Country
Mexico	[19.432608,-99.133208]	Country
Mexico City	[19.432608,-99.133208]	Location
Miami	[39.321413,-93.227982]	Location
Michigan	[44.314844,-85.602364]	State
Michigan Canal	[42.624085,-83.031893]	Location
Michigan Territory	[44.314844,-85.602364]	State
Micronesia	[6.887457,158.215072]	Region
Middle East	[31.203405,42.524412]	Region
Middle Eastern	[29.298528,42.55096]	Region
Middle West	[43.41136,-106.280024]	Region
Midway Island	[28.210076,-177.37611]	Location
Midwest	[43.410056,-106.272634]	Region
Milan	[45.465454,9.186516]	Location
Milwaukee	[43.038903,-87.906474]	Location
Mindanao	[8.49613,123.303406]	Location
Minneapolis	[36.099292,-81.987061]	Location
Minnesota	[46.729553,-94.6859]	State
Mirs Bay	[22.560317,114.447038]	Location
Mississippi	[36.844059,-89.227703]	Region
Mississippi Basin	[38.32242,-92.170677]	Region
Mississippi River	[38.32242,-92.170677]	Region
Mississippi Valley	[32.630227,-90.86313]	Region
Missouri	[37.964253,-91.831833]	State
Missouri River	[38.81366,-90.11983]	Region
Missouri Valley	[41.556371,-95.887777]	Location
Mo.	[37.964253,-91.831833]	State
Mombasa	[-4.043477,39.668207]	Location
Mongol Desert	[44.671611,110.039284]	Region
Mongolian Desert	[44.671611,110.039284]	Region
Monrovia	[6.300774,-10.79716]	Location
Montana	[46.879682,-110.362566]	State
Montana Territories	[46.879682,-110.362566]	State
Montenegro	[42.708678,19.37439]	Country
Monterey	[25.673211,-100.309201]	Location
Montevideo	[-34.817317,-56.158871]	Location
Montrose	[40.532264,-91.414876]	Location
Morgan City	[29.699375,-91.20677]	Location
Moro Province	[36.522905,-5.865305]	Region
Morocco	[31.791702,-7.09262]	Country
Moscow	[55.755826,37.6173]	Location
Mosquito Strip	[14.0309403,-82.6755523]	Region
Mosul	[36.34,43.13]	Location
Mount Rainier Reserve	[38.789236,-121.269876]	Location
Mount St. Elias	[60.293333,-140.929444]	Location
Mount Vernon	[38.729314,-77.107386]	Location
Mozambique	[-18.665695,35.529562]	Country
Mukden	[41.805698,123.431475]	Location
Munich	[48.135125,11.581981]	Location
Muscat	[23.61,58.54]	Location
Muscogee	[30.6,-87.4]	Location
NICARAGUA	[12.865416,-85.207229]	Country
Nacogdoches	[31.603513,-94.655487]	Location
Namibia	[-22.95764,18.49041]	Country
Nanking	[32.056839,118.77896]	Location
Naples	[40.851775,14.268124]	Location
Narraganset Bay	[41.450084,-71.449503]	Location
Narragansett	[41.450084,-71.449503]	Location
Nassau	[42.515915,-73.610116]	Location
Natchez	[31.560444,-91.403171]	Location
Navassa	[34.255447,-78.007491]	Location
Navy Island	[43.057851,-79.010821]	Location
Near East	[31.203405,42.524412]	Region
Nebr.	[41.492537,-99.901813]	State
Nebraska	[41.492537,-99.901813]	State
Negros	[9.824592,122.908238]	Region
Netherlands	[52.132633,5.291266]	Country
Nevada	[42.022718,-93.452301]	State
New Bedford	[41.636215,-70.934205]	Location
New Brunswick	[46.565316,-66.461916]	Region
New England	[43.965389,-70.822654]	Region
New England States	[43.965389,-70.822654]	Region
New England States        Middle States	[43.965389,-70.822654]	Region
New Granada	[5.577717,-75.196838]	Region
New Grenada	[5.577717,-75.196838]	Region
New Guinea	[-5.092566,140.711092]	Country
New Hampshire	[43.193852,-71.572395]	State
New Jersey	[40.058324,-74.405661]	State
New Leon	[25.592172,-99.996195]	Location
New Mexico	[34.51994,-105.87009]	State
New Orleans	[30.030679,-90.063304]	Location
New South Wales	[-31.253218,146.921099]	Region
New York	[40.714353,-74.005973]	Location
New York City	[40.714353,-74.005973]	Location
New York Harbor	[40.843434,-73.782077]	Location
New Zealand	[-40.900557,174.885971]	Country
Newark	[40.735657,-74.172367]	Location
Newburyport	[42.812591,-70.877275]	Location
Newfoundland	[48.777913,-56.477052]	Region
Newport News	[37.087082,-76.473012]	Location
Newtown	[41.414112,-73.303566]	Location
Niagara	[45.771346,-87.994847]	Location
Niagara Falls	[43.082816,-79.074163]	Location
Nicaragua	[12.865416,-85.207229]	Country
Nicaragua Canal	[12.865416,-85.207229]	Country
Nicholasville	[37.880634,-84.572996]	Location
Nigeria	[9.081999,8.675277]	Country
Norfolk	[36.850769,-76.285873]	Location
North Africa	[23.416203,25.66283]	Region
North America	[54.525961,-105.255119]	Continent
North American	[54.525961,-105.255119]	Continent
North Atlantic	[34.880624,-76.351564]	Region
North Atlantic Coast	[44.028371,-68.975372]	Region
North Carolina	[35.759573,-79.0193]	State
North Chicago	[41.878114,-87.629798]	Location
North China	[22.500908,114.155826]	Location
North Dakota	[47.551493,-101.002012]	State
North East	[43.965389,-70.822654]	Region
North Eastern	[39.440894,-94.491748]	Location
North German Union	[32.500755,-117.072904]	Country
North Germany	[51.165691,10.451526]	Country
North Korea	[40.339852,127.510093]	Country
North Korean	[40.339852,127.510093]	Country
North Miami	[39.321413,-93.227982]	Location
North Pacific	[-0.35156,-123.105476]	Ocean
North Pacific Ocean	[-0.35156,-123.105476]	Ocean
North Sea	[56.511018,3.515625]	Ocean
North Slope of Alaska	[69.684973,-150.123528]	Region
North Vietnam	[14.058324,108.277199]	Country
North West	[-26.66386,25.283758]	Region
North-East	[-20.903055,27.455639]	Region
Northampton	[52.240477,-0.902656]	Location
Northeastern States	[43.965389,-70.822654]	Region
Northern Ireland	[54.787715,-6.492315]	Country
Northern Mariana Islands	[15.0979,145.6739]	Country
Northern Pacific	[-0.35156,-123.105476]	Ocean
Northern States	[40.642042, -82.097963]	Region
Northwest States	[37.123428,-81.844293]	Region
Northwest Territory	[39.800613,-89.72515]	Region
Norway	[60.472024,8.468946]	Country
Nova Scotia	[44.681987,-63.744311]	Region
Nueces	[27.769335,-97.481416]	Location
Oak Creek	[42.88585,-87.863136]	Location
Oceanica	[40.642042, -82.097963]	Region
Ocmulgee	[32.829802,-83.603804]	Location
Oconee	[39.285598,-89.107579]	Location
Ohio	[41.557535,-89.460928]	State
Ohio Canal	[40.926282,-81.631297]	Location
Ohio River	[36.990813,-89.13862]	Location
Okinawa	[26.212401,127.680932]	Location
Oklahoma	[35.46756,-97.516428]	State
Oklahoma City	[35.46756,-97.516428]	State
Old Point	[35.693785,-75.716285]	Location
Oldenburg	[53.14345,8.214552]	Location
Olongapo	[14.83863,120.284202]	Location
Omaha	[41.259482,-96.005013]	Location
Omaha Beach	[49.372541,-0.867675]	Location
Omaha City	[41.259482,-96.005013]	Location
Ontario	[51.253775,-85.323214]	Region
Oreg.	[43.804133,-120.554201]	State
Oregon	[43.804133,-120.554201]	State
Oriental Republic of Uruguay	[-32.522779,-55.765835]	Country
Orinoco	[40.614237,-79.740168]	Location
Orkney Islands	[59.1573,-2.931222]	Region
Orlando	[28.538336,-81.379236]	Location
Orleans	[47.902964,1.909251]	Location
Oswego	[43.455346,-76.510497]	Location
Ottawa	[45.42153,-75.697193]	Location
Our Lady of Help in east Los Angeles	[34.052234,-118.243685]	Location
Ozama	[18.514648,-69.872614]	Location
Ozama River	[18.516726,-69.89748]	Region
PANAMA	[8.994269,-79.518792]	Country
PERSIAN GULF	[27.383959,52.735516]	Region
POLAND	[51.919438,19.145136]	Country
PORTUGAL	[39.399872,-8.224454]	Country
Pa.	[41.203322,-77.194525]	State
Pacific	[-0.35156,-123.105476]	Ocean
Pacific Basin	[20,-140]	Region
Pacific Coast	[33.854284,-118.390159]	Region
Pacific Islands	[43.0405,-87.921625]	Location
Pacific Ocean	[-0.35156,-123.105476]	Ocean
Pacific Slope	[32.075669,-104.70495]	Location
Pacific States	[38.928509,-120.936298]	Region
Paducah	[37.083389,-88.600048]	Location
Pago Pago	[-14.27933,-170.700897]	Location
Pago-Pago	[-14.27933,-170.700897]	Location
Pakistan	[30.375321,69.345116]	Country
Palestine	[31.952162,35.233154]	Country
Palestinian	[31.952162,35.233154]	Country
Palestinian Territories	[31.952162,35.233154]	Country
Palestinians	[31.952162,35.233154]	Country
Palo Alto	[37.441883,-122.143019]	Location
Pamlico Sound	[35.382579,-75.853395]	Location
Panama	[8.994269,-79.518792]	Country
Panama Canal	[9.057402,-79.657929]	Region
Paraguay	[-23.442503,-58.443832]	Country
Paramaribo	[5.823201,-55.16788]	Location
Parana	[-25.252089,-52.021542]	Location
Parana River	[-32.977091,-59.636834]	Location
Paris	[48.856614,2.352222]	Location
Passamaquoddy	[45.029377,-67.074394]	Region
Passamaquoddy Bay	[45.029377,-67.074394]	Region
Patagonian	[-41.810147,-68.906269]	Region
Pearl	[45.528323,-122.683751]	Location
Pearl Harbor	[21.350123,-157.949382]	Location
Pearl River	[41.058181,-74.022317]	Region
Pecos River Reserve	[33.291089,-112.117309]	Location
Pedernales River	[18.098078,-71.73741]	Region
Pekin	[39.90403,116.407526]	Location
Peking	[39.90403,116.407526]	Location
Pell	[39.90403,116.407526]	Location
Pembina	[48.966377,-97.243676]	Location
Pennsylvania	[41.203322,-77.194525]	State
Pennsylvania Avenue	[38.907231,-77.036464]	Location
Penobscot	[44.445518,-68.817802]	Location
Pensacola	[35.847892,-82.308181]	Location
Perdido	[31.007682,-87.627209]	Location
Persia	[32.427908,53.688046]	Country
Persian Gulf	[27.383959,52.735516]	Region
Perthshire	[33.977331,-90.912328]	Region
Peru	[-9.189967,-75.015152]	Country
Petaluma	[38.232417,-122.636652]	Location
Pflugerville	[30.43937,-97.620004]	Location
Philadelphia	[39.952335,-75.163789]	Location
Philippine	[12.879721,121.774017]	Country
Philippine Archipelago	[12.879721,121.774017]	Country
Philippine Islands	[12.879721,121.774017]	Country
Philippine Sea	[19.491411,132.55096]	Ocean
Philippines	[12.879721,121.774017]	Country
Phoenix	[33.448377,-112.074037]	Location
Pine Mountain	[32.864852,-84.854098]	Location
Pittsburg	[40.440625,-79.995886]	Location
Pittsburgh	[40.440625,-79.995886]	Location
Platte	[43.38694,-98.84453]	Location
Plattsburg	[39.896171,-83.61159]	Location
Plymouth	[41.958446,-70.667262]	Location
Plymouth Beach	[41.958446,-70.667262]	Location
Poland	[51.919438,19.145136]	Country
Ponape	[6.854125,158.262382]	Location
Ponce	[18.011077,-66.614062]	Location
Port Arthur	[-43.138974,147.850694]	Location
Port Royal	[32.379084,-80.692607]	Location
Port-au-Prince	[18.539269,-72.336408]	Location
Porte	[41.00527,28.97696]	Location
Portland	[45.523452,-122.676207]	Location
Porto Rican	[18.220833,-66.590149]	Country
Porto Rico	[18.220833,-66.590149]	Country
Portsmouth	[50.816667,-1.083333]	Location
Portugal	[39.399872,-8.224454]	Country
Portuguese	[39.399872,-8.224454]	Country
Portuguese South Africa	[-18.665695,35.529562]	Country
Potomac	[39.509577,-77.991269]	Region
Potomac Park	[39.039661,-77.191829]	Location
Potomac River	[39.509577,-77.991269]	Region
Potsdam	[52.394189,13.072691]	Location
Prague	[50.075538,14.4378]	Location
Presque Isle	[42.163114,-80.101172]	Location
Presquille	[29.563826,-90.6462]	Location
Pretoria	[-25.73134,28.21837]	Location
Pribilof Islands	[57.4,-170.246667]	Region
Pribiloff Islands	[57.4,-170.246667]	Region
Providence	[41.823989,-71.412834]	Location
Prussia	[52.512898,13.410192]	Country
Prussian	[52.512898,13.410192]	Country
Puebla	[19.041297,-98.2062]	Location
Puerto Rico	[18.220833,-66.590149]	Country
Pulaski	[37.047898,-80.779793]	Location
Putnam	[41.906111,-71.870278]	Location
Qatar	[25.354826,51.183884]	Country
Quebec	[52.939916,-73.549136]	Region
Queretaro	[20.588793,-100.389888]	Location
Quito	[-0.148303,-78.445438]	Location
RUSSIA	[61.52401,105.318756]	Country
Raleigh	[35.77959,-78.638179]	Location
Ramallah	[31.904932,35.204442]	Location
Rangoon	[16.8,96.15]	Location
Raritan	[40.569547,-74.632936]	Location
Red River	[32.785572,-95.773557]	Region
Republic of Brazil	[-14.235004,-51.92528]	Country
Republic of Chili	[-35.675147,-71.542969]	Country
Republic of Costa Rica	[9.748917,-83.753428]	Country
Republic of France	[46.227638,2.213749]	Country
Republic of Mexico	[19.432608,-99.133208]	Country
Republic of Peru	[-9.189967,-75.015152]	Country
Republic of Salvador	[13.794185,-88.89653]	Country
Resaca de la Palma	[25.946709,-97.486321]	Location
Rhine	[43.862772,-87.95676]	Region
Rhode Island	[41.580095,-71.477429]	State
Rhodesia	[-19.015438,29.154857]	Country
Rica	[43.48105,40.540852]	Location
Ricaree	[34.511949,-117.2219]	Location
Rio Bravo	[27.364189,-99.480042]	Location
Rio Grande	[29.127487,-103.242538]	Region
Rio Grande River	[28.810112,-101.837177]	Region
Rio Hondo	[26.235352,-97.581932]	Location
Rio Janeiro	[-22.913395,-43.20071]	Location
Rio de Janeiro	[-22.913395,-43.20071]	Location
Riobamba	[-1.673485,-78.647992]	Location
Riyadh	[24.711667,46.724167]	Location
Rock Creek	[38.907231,-77.036464]	Location
Rock Creek Park	[38.907231,-77.036464]	Location
Rock Island	[41.509477,-90.578748]	Location
Rock Springs	[41.587464,-109.202904]	Location
Rockville	[39.105506,-77.184429]	Location
Rocky Mountains	[42.032974,-109.70215]	Region
Romania	[45.943161,24.96676]	Country
Rome	[41.892916,12.48252]	Location
Rosslyn	[38.896667,-77.0725]	Location
Rotterdam	[51.924216,4.481776]	Location
Roumania	[45.943161,24.96676]	Country
Ruatan	[38.997597,-76.98118]	Location
Rumania	[45.943161,24.96676]	Country
Russia	[61.52401,105.318756]	Country
Russian	[61.52401,105.318756]	Country
Russians	[61.52401,105.318756]	Country
Rwanda	[-1.940278,29.873888]	Country
S.C.	[33.836081,-81.163724]	State
SOUTH AMERICA	[-8.783195,-55.491477]	Continent
SPITZBERGEN	[78.647932,18.164125]	Country
Sabine	[50.135648,12.582332]	Region
Sabine River	[29.985556, -93.790556]	Region
Sacramento	[38.581572,-121.4944]	Location
Sagasta	[40.428009,-3.698485]	Location
Sahara	[23.803497,11.291889]	region
Saigon	[10.823099,106.629664]	Location
Sail Diego	[32.788514,-117.244831]	Location
Saipan	[15.177801,145.750967]	Country
Salt Lake	[40.760779,-111.891047]	Location
Salt Lake City	[40.760779,-111.891047]	Location
Salvador	[-12.972229,-38.50142]	Location
Salvadorean	[13.794185,-88.89653]	Country
Samar	[53.233333,50.166667]	Location
Samarra	[34.19421,43.874931]	Location
Samoa	[-13.759029,-172.104629]	Country
Samoan	[-13.759029,-172.104629]	Country
Samoan Islands	[-13.759029,-172.104629]	Country
San Antonio	[29.424122,-98.493628]	Location
San Clemente	[33.426973,-117.611992]	Location
San Diego	[32.715329,-117.157255]	Location
San Domingo	[18.735693,-70.162651]	Country
San Francisco	[37.798203,-122.427426]	Location
San Francisco Mountains	[33.704221,-108.964792]	Location
San Jacinto	[33.773408,-116.957616]	Location
San Joaquin	[37.450797,-119.235188]	Region
San Jose	[37.339386,-121.894955]	Location
San Jose de Guatemala	[14.541961,-90.543214]	Location
San Juan	[18.466334,-66.105722]	Location
San Juan Island	[48.551367,-123.078106]	Location
San Juan River	[36.755649,-107.918117]	Region
San Juan de Nicaragua	[10.932472,-83.691597]	Location
San Juan de Puerto Rico	[18.466334,-66.105722]	Location
San Juan de Ulloa	[9.975208,-84.141807]	Location
San Juan del Norte	[10.944955,-83.737732]	Location
San Pedro	[14.364722,121.055556]	Location
San Pedro River	[31.393431,-110.107755]	Location
San Salvador	[13.706881,-89.20181]	Location
Sana'a	[15.352029,44.207456]	Location
Sandusky	[41.44894,-82.707961]	Location
Sandwich Islands	[19.896766,-155.582782]	State
Santa Anna	[31.742093,-99.321725]	Location
Santa Fe	[35.686975,-105.937799]	Location
Santa Fee	[35.686975,-105.937799]	Location
Santa Maria	[34.953034,-120.435719]	Location
Santa Ynez	[34.614431,-120.079868]	Location
Santiago	[-33.46912,-70.641997]	Location
Santiago Harbor	[20.028891,-75.828987]	Location
Santiago Spain	[42.878213,-8.544844]	Location
Santiago de Cuba	[20.028891,-75.828987]	Location
Santo Domingo	[18.5,-69.983333]	Location
Sarajevo	[43.856259,18.413076]	Location
Sardinia	[40.120875,9.012893]	Country
Sarstoon	[15.69027,-89.57969]	Location
Saskatchewan	[52.939916,-106.450864]	Region
Saudi	[23.885942,45.079162]	Country
Saudi Arabia	[23.885942,45.079162]	Country
Saugatuck Harbor	[42.638362,-86.175556]	Location
Savannah	[32.083541,-81.099834]	Location
Saxe-Coburg	[50.528062,12.478733]	Location
Saxony	[51.104541,13.201738]	Region
Scandinavia	[62.278648,12.340171]	Region
Schleswig-Holstein	[54.219367,9.696117]	Region
Scranton	[41.408969,-75.662412]	Location
Seamew	[53.962041,-6.367661]	Location
Seattle	[47.60621,-122.332071]	Location
Seine	[49.438215,0.352613]	Location
Selma	[32.407359,-87.021101]	Location
Seminole	[28.713169,-81.207816]	Location
Seneca	[34.685656,-82.953204]	Location
Seoul	[37.566535,126.977969]	Location
Serbia	[44.016521,21.005859]	Country
Shanghai	[31.230416,121.473701]	Location
Shanghai River	[30.786452,121.085301]	Location
Shansi	[41.291882,-82.215306]	Location
Shenandoah	[38.292756,-78.679584]	Region
Shensi	[34.265472,108.954239]	Location
Ship Island	[30.211137,-88.964126]	Location
Siam	[15.870032,100.992541]	Country
Siberia	[61.01371,99.196656]	Region
Sicily	[37.599994,14.015356]	Region
Sierra Leone	[8.460555,-11.779889]	Country
Sierra Nevada	[37.730505,-119.569295]	Region
Singapore	[1.352083,103.819836]	Country
Sitana	[29.449149,76.898758]	Location
Sitka	[57.053056,-135.33]	Location
Sivas	[39.747662,37.017879]	Location
Smyrna	[38.41885,27.12872]	Location
Sofia	[42.697839,23.32167]	Location
Solomon Islands	[-9.64571,160.156194]	Country
Somalia	[5.152149,46.199616]	Country
Sonora	[32.062199,-114.971922]	Location
South	[33.897777,-85.255738]	Region
South Africa	[-30.559482,22.937506]	Country
South African	[-30.559482,22.937506]	Country
South America	[-8.783195,-55.491477]	Continent
South American	[-8.783195,-55.491477]	Continent
South American Republics	[-8.783195,-55.491477]	Continent
South American States	[-8.783195,-55.491477]	Continent
South Asia	[25.03764,76.456309]	Region
South Atlantic	[-33.72434,-15.996094]	Ocean
South Atlantic Ocean	[-33.72434,-15.996094]	Ocean
South Atlantic States	[33.481635,-117.715631]	Region
South Carolina	[33.836081,-81.163724]	State
South China Sea	[15.488092,114.404754]	Ocean
South Dakota	[43.969515,-99.901813]	State
South Korea	[35.907757,127.766922]	Country
South Pacific	[-29.53523,-139.277351]	Ocean
South Pass	[29.062575,-89.207488]	Location
South Sea	[-0.35156,-123.105476]	Ocean
South Viet-Nam	[14.058324,108.277199]	Country
South Vietnam	[14.058324,108.277199]	Country
South Western States	[47.566633,-122.386775]	Region
Southampton	[50.9097,-1.404351]	Location
Southeast Asia	[-2.21797,115.66283]	Region
Southern Africa	[-24.357077,19.56871]	Region
Southern America	[-8.783195,-55.491477]	Region
Southern Pacific	[-29.53523,-139.277351]	Ocean
Southern Rhodesia	[-19.015438,29.154857]	Country
Southern States	[33.897777,-85.255738]	Region
Southwest	[47.566633,-122.386775]	Region
Southwest Asia	[29.298528,42.55096]	Region
Southwest Asian	[29.298528,42.55096]	Location
Southwest Pacific	[-0.35156,-123.105476]	Ocean
Soviet	[61.52401,105.318756]	Country
Soviet Russia	[61.52401,105.318756]	Country
Soviet Union	[61.52401,105.318756]	Country
Spain	[40.463667,-3.74922]	Country
Spanish	[40.463667,-3.74922]	Country
Spanish Antilles	[18.022606,-63.059996]	Region
Spanish Indies	[12.879721,121.774017]	Country
Spanish West Indies	[21.469114,-78.656894]	Region
Spartanburg	[34.949567,-81.932048]	Location
Spitzbergen	[78.647932,18.164125]	Country
Spitzbergen Islands	[78.647932,18.164125]	Country
Springfield	[42.101483,-72.589811]	Location
St. Andrew's	[45.05982,-92.947833]	Location
St. Augustine	[29.894264,-81.313208]	Location
St. Croix	[17.724597,-64.834799]	Country
St. Domingo	[18.971187,-72.285215]	Country
St. John River	[45.30826,-66.164001]	Location
St. Johns	[47.560541,-52.712831]	Location
St. Lawrence	[44.553638,-75.593346]	Region
St. Lawrence Bay	[13.068412,-59.57594]	Region
St. Lawrence River	[44.553638,-75.593346]	Region
St. Louis	[38.627003,-90.199404]	Location
St. Marks	[40.67597,-73.956895]	Location
St. Marys Canal	[40.543589,-84.387056]	Location
St. Marys River	[45.080851,-61.93302]	Location
St. Michael	[13.113222,-59.598809]	Location
St. Mihiel	[48.88855,5.541657]	Location
St. Paul	[44.953703,-93.089958]	Location
St. Petersburg	[59.93428,30.335099]	Location
St. Pierre	[-21.332838,55.471843]	Location
St. Thomas	[18.335361,-64.953401]	Location
Stalingrad	[48.7,44.516667]	Location
States of Florida	[28.526736,-80.782433]	State
States of North Carolina	[35.759573,-79.0193]	State
Steubenville	[40.369791,-80.633964]	Location
Stikine River	[56.563889,-132.404444]	Location
Stockholm	[59.32893,18.06491]	Location
Stony Mountains	[40.972598,-74.380707]	Region
Subig Bay	[14.791058,120.239734]	Location
Sublime Porte	[41.00527,28.97696]	Location
Sudan	[12.862807,30.217636]	Country
Suez Canal	[30.840842,32.32634]	Location
Sulu	[5.974901,121.03351]	Region
Sulu Islands	[5.974901,121.03351]	Region
Sumatra	[-0.589724,101.343106]	Region
Sungari River	[45.714359,128.586361]	Location
Susquehannah	[41.943607,-75.599179]	Location
Sutro Tunnel	[39.279162,-119.583624]	Location
Sweden	[60.128161,18.643501]	Country
Swiss	[46.818188,8.227512]	Country
Swiss Republic	[46.818188,8.227512]	Country
Switzerland	[46.818188,8.227512]	Country
Sydney	[-33.867487,151.20699]	Location
Syria	[34.802075,38.996815]	Country
Syrian	[34.802075,38.996815]	Country
Szechuen	[30.651652,104.075931]	Location
TURKEY	[38.963745,35.243322]	Country
Tacna-Arica	[-18.477044,-70.314533]	Region
Tacubaya	[26.411913,-99.02407]	Location
Tahlequah	[35.91537,-94.969956]	Location
Taiping	[4.854099,100.737575]	Location
Taiwan	[23.69781,120.960515]	Country
Tallulah	[32.408477,-91.186777]	Location
Tamatav	[-18.1499,49.402309]	Location
Tamaulipas	[24.26694,-98.836275]	Location
Tampa	[27.950575,-82.457178]	Location
Tangier	[35.766667,-5.8]	Location
Tanzania	[-6.369028,34.888822]	Country
Tarawa	[1.440144,173.076403]	Country
Teheran	[35.696216,51.422945]	Location
Tehran	[35.696216,51.422945]	Location
Tehuantepec	[16.324444,-95.238889]	Location
Temple Hills	[38.814002,-76.94553]	Location
Tennessee	[35.517491,-86.580447]	State
Tennessee River	[35.075112,-85.278714]	Region
Tennessee Valley	[35.757657,-84.72702]	Region
Tepic	[21.504165,-104.894589]	Location
Terceira	[38.721642,-27.220577]	Location
Territories of Florida	[27.664827,-81.515754]	State
Territory of Orleans	[ 38.041638, -95.221934]	Region
Tex	[31.968599,-99.901813]	State
Tex.	[31.968599,-99.901813]	State
Texas	[31.968599,-99.901813]	State
Thai	[15.870032,100.992541]	Country
Thai-Cambodian	[13.722449,102.511911]	Region
Thailand	[15.870032,100.992541]	Country
The Hague	[52.070498,4.3007]	Location
The Netherlands	[52.132633,5.291266]	Country
Thompsons Island	[41.793115,-79.284492]	Location
Three Mile Island	[40.147866,-76.723551]	Location
Tien-Tsin	[39.084158,117.200983]	Location
Tientsin	[39.084158,117.200983]	Location
Tierra del Fuego	[-54.308355,-67.745156]	Region
Tlatelolco	[25.743629,-100.36381]	Location
Tobago	[11.226785,-60.651735]	Country
Togo	[8.619543,0.824782]	Country
Tokyo	[35.689488,139.691706]	Location
Toledo	[41.663938,-83.555212]	Location
Tonkawa	[36.678368,-97.310044]	Location
Topeka	[39.055824,-95.689018]	Location
Toronto	[43.653226,-79.383184]	Location
Trenton	[40.217053,-74.742938]	Location
Trieste	[45.649535,13.777972]	Location
Trinidad	[10.691803,-61.222503]	Country
Tripoli	[32.876174,13.187507]	Location
Tripolitania	[41.930752,12.520243]	Location
Tropics	[42.962921,-85.705232]	Location
Truckee	[39.327962,-120.183253]	Location
Tucson	[32.221743,-110.926479]	Location
Tung Chow	[22.192841,114.142614]	Location
Tunis	[36.81881,10.16596]	Location
Tunisia	[33.886917,9.537499]	Country
Turin	[45.070982,7.685676]	Location
Turkestan	[43.294701,68.258537]	Country
Turkey	[38.963745,35.243322]	Country
Turkish	[38.963745,35.243322]	Country
Tuskegee	[32.430237,-85.707727]	Location
Tutuila	[-14.302726,-170.732529]	Location
Tuzla	[44.537345,18.673401]	Location
Tybee Island	[32.000215,-80.845666]	Location
U.S.	[37.09024,-95.712891]	Country
U.S.A	[37.09024,-95.712891]	Country
US	[37.09024,-95.712891]	Country
USA	[37.09024,-95.712891]	Country
Uganda	[1.373333,32.290275]	Country
Ukraine	[48.379433,31.16558]	Country
Union	[40.69759,-74.263164]	Location
United Kingdom	[55.378051,-3.435973]	Country
United Kingdom of Great Britain	[55.378051,-3.435973]	Country
United Mexican States	[19.432608,-99.133208]	Country
United Netherlands	[52.132633,5.291266]	Country
United Republics of Mexico	[19.432608,-99.133208]	Country
United Sstates	[37.09024,-95.712891]	Country
United States	[37.09024,-95.712891]	Country
United States Coast	[38.604704,-123.358661]	Region
United States Government	[37.09024,-95.712891]	Country
United States of	[37.09024,-95.712891]	Country
United States of America	[37.09024,-95.712891]	Country
United States of Colombia	[4.570868,-74.297333]	Country
United States of Mexico	[19.432608,-99.133208]	Country
Upolu	[-13.913408,-171.734942]	Location
Upper California	[36.600238,-121.894676]	Region
Upper Canada	[51.253775,-85.323214]	Region
Upper Colorado River Basin	[ 38.944493, -109.086679]	Region
Upper Mississippi	[33.381174,-89.887054]	Region
Upper Mississippi River	[47.531605,-101.794532]	Region
Uruguay	[-32.522779,-55.765835]	Country
Utah	[39.32098,-111.093731]	State
Utica	[43.100903,-75.232664]	Location
Utila	[16.09496,-86.927353]	Location
VA	[37.431573,-78.656894]	State
VENEZUELA	[6.42375,-66.58973]	Country
VIRGINIA	[37.431573,-78.656894]	State
Va	[37.431573,-78.656894]	State
Va.	[37.431573,-78.656894]	State
Valparaiso	[-33.045646,-71.620361]	Location
Vancouver	[49.261226,-123.113927]	Location
Vancouvers Island	[49.825303,-125.617148]	Region
Vandalia	[39.890612,-84.198831]	Location
Venezuela	[6.42375,-66.58973]	Country
Venice	[45.440847,12.315515]	Location
Vermont	[44.558803,-72.577841]	State
Versailles	[48.801408,2.130122]	Location
Vicksburg National Park	[32.2992,-90.859]	Location
Victoria	[48.428421,-123.365644]	Location
Vienna	[48.208174,16.373819]	Location
Viet-Nam	[14.058324,108.277199]	Country
Vietnam	[14.058324,108.277199]	Country
Vincennes	[48.847759,2.439497]	Location
Virgin Bay	[60.891825,-146.702877]	Location
Virgin Islands	[18.335765,-64.896335]	Country
Virginia	[37.431573,-78.656894]	State
Vladivostok	[43.166667,131.933333]	Location
Volga	[44.32358,-96.926448]	Location
WASHINGTON	[38.907231,-77.036464]	Location
Wabash	[40.797821,-85.820541]	Location
Wabash River	[37.824151,-88.03204]	Region
Wahpeton	[46.265237,-96.605907]	Location
Wake Island	[19.282319,166.647047]	Country
Wales	[52.130661,-3.783712]	Country
Wales Island	[54.771894,-130.514115]	Location
Wall Street	[40.714353,-74.005973]	Location
Walnut Hills	[39.125687,-84.48813]	Location
Warsaw	[52.229676,21.012229]	Location
Washington	[38.907231,-77.036464]	Location
Washington Navy-Yard	[38.907231,-77.036464]	Location
Washington State	[47.751074,-120.740139]	State
Washington Territory	[47.751074,-120.740139]	State
Watts	[33.938636,-118.238043]	Location
Welland Canal	[42.994595,-79.248858]	Location
West	[44.051186,-123.143222]	Region
West Africa	[13.531665,-2.460415]	Region
West Bank	[51.51323,-0.08849]	Country
West Berlin	[52.520007,13.404954]	Location
West Florida	[27.664827,-81.515754]	State
West Germany	[51.145061,6.386355]	Country
West India	[21.469114,-78.656894]	Region
West India Islands	[21.469114,-78.656894]	Region
West Indies	[21.469114,-78.656894]	Region
West New Guinea	[-5.092566,140.711092]	Country
West Point	[14.624783,121.051737]	Location
West Virginia	[38.597626,-80.454903]	State
Western Europe	[46.202185,1.264387]	Region
Western Hemisphere	[21.657428,-94.797364]	Region
Western Pacific	[20.632784,154.980462]	Ocean
Western Sahara	[24.215527,-12.885834]	Country
Western States	[38.928509,-120.936298]	Region
White House	[38.907231,-77.036464]	Location
White Mountain	[44.144882,-71.368141]	Region
White Mountains	[44.144882,-71.368141]	Region
White River	[-25.322201,31.021351]	Location
White River Ute Reservation	[40.506686,-109.997491]	Region
Whittier	[33.979179,-118.032844]	Location
Wichita	[37.688889,-97.336111]	Location
Williamsburg	[37.270702,-76.707457]	Location
Willow Tree Alley	[38.907231,-77.036464]	Location
Wilmington	[39.745833,-75.546667]	Location
Winnipeg	[49.899754,-97.137494]	Location
Wisconsin	[43.78444,-88.787868]	State
Wurtemberg	[48.661604,9.350134]	Location
Wye	[46.952979,-114.121502]	Location
Wyoming	[43.075968,-107.290284]	State
Wyoming Territory	[43.075968,-107.290284]	State
Yakutsk	[62.033333,129.733333]	Location
Yalta	[44.495205,34.166301]	Location
Yalu River	[39.87776,124.31283]	Location
Yangtse Valley	[30.616426,114.300947]	Location
Yangtsun	[19.84436,99.132049]	Location
Yara	[6.541147,101.280395]	Location
Yeddo	[40.011389,-87.26]	Location
Yedo	[2.955556,41.133611]	Location
Yellow Sea	[35.494277,123.796461]	Ocean
Yellow Stone River	[47.037744,-104.763245]	Location
Yemen	[15.552727,48.516388]	Country
Yokohama	[35.443708,139.638026]	Location
York	[53.962301,-1.081884]	Location
Yorktown	[37.238756,-76.509673]	Location
Yosemite Valley	[37.74557,-119.593604]	Location
Youngstown	[41.09978,-80.649519]	Location
Yugoslavia	[-27.49374,-58.7934]	Country
Yukon River	[59.10,-133.5]	Region
Yukon Valley	[59.10,-133.5]	Region
Zambia	[-13.133897,27.849332]	Country
Zanesville	[39.940345,-82.013192]	Location
Zanjon	[-5.088272,-81.113157]	Location
Zimbabwe	[-19.015438,29.154857]	Country
eastern Europe	[52.005515,37.958749]	Region
eastern States	[37.746874,-80.791261]	Region
india	[20.593684,78.96288]	Country
mid-Pacific	[21.303358,-157.817112]	Location
northeast Africa	[9.130378,41.280858]	Region
united states	[37.09024,-95.712891]	Country
